imagename,pen_pressure,letter_spacing,size,dimension,is_lowercase,is_continuous,slantness,tilt,entry_stroke_a,staff_of_a,formation_n,staff_of_d,exit_stroke_d,word_formation,constancy
0683aa_num1.png,2,2,2,2,2,2,2,1,1,2,2,2,4,1,2
1154a_num1.png,2,1,1,1,2,2,1,1,1,1,1,3,2,1,1
1504aa_num1.png,2,2,2,2,2,1,2,1,1,2,2,3,2,2,2
1048a_num2.png,1,3,2,2,2,1,2,1,1,1,2,2,1,1,2
0063a_num2.png,2,1,1,1,2,2,3,1,1,2,2,2,3,1,1
0012a_num2.png,2,2,2,1,2,2,2,2,1,4,2,3,2,1,1
0097a_num2.png,2,3,3,3,2,1,2,1,1,2,2,3,1,1,2
1183a_num2.png,1,3,2,2,2,1,1,1,1,1,2,2,1,1,1
0481a_num2.png,2,3,2,2,2,2,1,1,1,2,1,2,4,1,1
0308a_num1.png,2,1,3,2,2,2,1,1,1,2,2,1,1,1,2
0825a_num1.png,2,3,2,2,2,1,1,1,1,4,2,1,1,1,1
0811a_num1.png,2,3,1,1,2,2,2,1,1,2,1,3,2,1,1
1176a_num2.png,2,2,2,2,2,1,2,1,1,2,2,2,2,2,2
1421a_num1.png,2,2,2,2,2,2,1,1,1,2,2,2,3,2,2
0946a_num1.png,2,2,2,2,2,2,2,2,1,2,2,3,2,2,2
0522a_num1.png,2,2,2,2,2,2,2,1,1,2,2,3,2,2,2
1304a_num1.png,1,3,2,2,2,1,1,1,1,1,1,2,1,1,1
0317a_num1.png,2,2,2,2,2,2,1,1,1,2,2,3,2,1,2
0858a_num2.png,2,2,2,2,2,2,1,1,1,2,1,3,2,1,1
0050a_num2.png,1,2,2,1,2,2,1,1,1,2,1,3,1,1,1
0167a_num1.png,2,3,2,1,2,1,1,1,1,1,1,1,1,1,1
0949a_num2.png,2,2,2,1,2,2,1,2,1,4,2,3,2,1,2
0291a_num1.png,2,3,1,1,2,2,3,2,1,2,1,2,4,1,1
0467a_num2.png,2,1,3,3,2,1,1,1,1,2,2,1,1,2,2
0085a_num1.png,1,2,2,2,2,1,1,1,1,2,2,2,1,2,2
1448a_num1.png,2,2,1,1,2,2,3,1,1,2,2,2,3,1,1
0901a_num1.png,1,3,3,2,2,1,1,1,1,1,2,2,1,2,2
1301a_num2.png,2,2,2,2,2,1,1,1,1,1,2,2,1,1,2
0706aa_num1.png,1,1,2,3,2,2,2,2,1,2,2,2,2,1,1
0187a_num1.png,2,3,1,1,2,2,1,1,1,1,1,3,2,1,1
0855a_num1.png,1,1,2,1,2,2,3,1,1,2,2,3,3,1,2
1109a_num2.png,1,2,3,3,2,2,1,1,1,2,2,2,1,1,1
0110a_num1.png,2,2,2,2,2,1,1,2,1,1,2,3,1,2,2
0824a_num2.png,1,2,2,2,2,2,2,2,1,2,2,3,2,1,1
1146a_num2.png,2,3,1,1,2,2,2,1,1,2,1,3,2,1,1
1215a_num1.png,1,1,3,3,2,1,1,1,1,2,2,2,1,2,2
0909a_num1.png,1,2,2,1,2,2,2,1,1,2,2,3,2,1,1
0479a_num1.png,1,3,3,2,2,1,1,1,1,1,2,2,2,1,1
0276a_num1.png,1,2,3,3,2,1,1,1,1,2,2,2,1,2,2
1045a_num2.png,2,2,2,2,2,1,1,1,1,2,2,2,1,2,2
0891a_num2.png,2,2,2,2,2,2,2,1,1,2,2,3,3,2,2
0776a_num2.png,1,1,3,3,2,1,4,1,1,2,2,2,1,2,2
0801a_num1.png,1,1,3,3,1,1,1,1,1,1,2,1,1,1,2
0191a_num2.png,2,2,2,2,2,2,1,1,1,2,2,2,1,2,2
1048a_num1.png,2,2,2,2,2,1,2,1,1,1,2,2,1,1,2
0489a_num2.png,2,3,1,1,2,2,3,1,2,2,2,2,4,1,1
1064a_num1.png,2,2,2,2,2,2,1,1,1,2,2,3,4,2,2
0353a_num2.png,2,2,3,2,2,2,2,1,1,2,2,2,4,2,2
1565a_num1.png,2,3,1,1,2,2,3,2,1,2,1,3,4,1,1
0474a_num1.png,2,2,2,2,2,2,2,2,1,2,2,2,3,1,2
0327a_num1.png,2,2,2,2,2,2,1,1,1,2,1,3,2,1,1
0838a_num2.png,1,2,2,2,2,2,1,1,1,2,2,2,2,2,2
1092a_num2.png,2,2,2,2,2,1,1,1,1,2,2,2,2,1,2
0707a_num1.png,2,2,1,1,2,2,3,1,1,1,2,3,3,1,1
0132a_num1.png,2,3,2,1,2,2,1,1,1,2,1,3,2,1,1
0148a_num1.png,2,2,2,2,2,2,1,1,1,1,1,3,2,1,1
0460a_num2.png,2,2,3,3,2,2,1,1,1,2,2,2,4,1,2
0371a_num1.png,2,3,2,2,2,2,1,1,1,2,2,2,2,1,1
0001a_num2.png,1,2,3,2,2,2,1,1,1,2,2,2,2,2,2
0071aa_num2.png,2,1,1,1,2,2,3,1,1,1,1,1,1,1,1
0863a_num2.png,1,2,2,3,2,2,1,1,1,2,2,2,2,1,2
0570a_num1.png,1,2,2,1,2,2,2,1,1,2,2,3,2,1,1
1387a_num1.png,2,2,3,3,2,1,1,1,1,2,2,2,1,2,2
0052a_num2.png,2,3,2,2,2,1,1,1,1,2,2,2,1,2,2
0143a_num2.png,2,2,1,1,2,2,3,1,1,2,2,3,4,1,2
1549a_num2.png,2,2,2,2,2,2,1,1,1,2,2,2,4,2,2
1179a_num1.png,1,2,2,2,2,1,1,1,1,2,2,3,4,2,2
1537a_num2.png,2,2,2,2,2,1,1,1,1,4,2,2,4,2,2
1039a_num2.png,1,2,2,2,2,2,2,1,1,2,2,1,1,1,1
0472a_num2.png,2,2,2,2,2,2,1,1,1,2,2,3,4,2,2
1152a_num2.png,2,3,1,1,2,2,1,1,1,1,1,3,2,1,1
0667a_num2.png,2,2,2,2,2,1,1,1,1,2,2,1,2,1,2
1451a_num2.png,1,2,2,2,2,2,2,1,1,2,2,3,1,1,2
0496a_num2.png,2,2,1,1,2,2,3,1,2,2,2,3,4,1,2
1109a_num1.png,2,2,2,2,2,2,1,1,1,2,2,3,4,2,2
1166a_num2.png,1,3,2,2,2,1,1,1,1,2,2,2,1,2,2
0786a_num1.png,1,3,3,2,2,1,1,1,1,2,2,2,1,2,2
0955a_num2.png,2,2,2,2,2,2,1,1,1,2,2,3,2,2,2
0654a_num1.png,1,2,3,3,2,1,2,1,1,2,2,2,1,2,2
1178a_num1.png,2,1,2,2,2,2,1,1,1,1,1,3,4,1,1
0556a_num1.png,1,2,2,2,2,2,1,1,1,2,2,2,2,1,2
1550a_num2.png,2,3,3,2,2,1,1,1,1,2,2,2,1,2,2
0435a_num2.png,2,2,2,2,2,2,1,1,1,2,2,3,4,1,2
0510a_num2.png,1,2,2,2,2,2,1,1,1,2,2,2,2,1,2
0867a_num2.png,1,1,3,3,2,2,2,1,1,2,2,3,3,1,2
0990a_num1.png,2,1,3,3,2,1,1,1,1,1,2,1,1,1,2
0169a_num2.png,1,2,2,2,2,2,2,1,1,2,2,3,2,2,2
0803a_num1.png,1,2,2,2,2,1,4,1,1,2,2,2,2,2,2
0585a_num1.png,2,2,2,2,2,2,2,1,1,3,2,3,2,1,2
0337a_num2.png,2,2,2,1,2,2,2,2,1,2,2,3,3,2,2
0004aa_num1.png,2,3,1,1,2,2,1,1,1,1,1,3,2,1,1
0963a_num1.png,1,2,2,2,2,2,2,1,1,2,2,2,3,2,2
0813aa_num1.png,2,2,1,2,2,2,1,1,1,2,2,3,4,1,1
0272a_num1.png,2,2,1,1,2,2,4,1,1,2,1,3,2,1,1
0845a_num2.png,1,2,3,2,2,1,1,1,1,2,2,2,2,2,2
0521a_num2.png,1,2,2,2,2,2,2,2,1,2,2,2,3,2,2
0644aa_num1.png,2,2,3,3,2,1,1,1,1,2,2,3,2,1,2
1270a_num2.png,1,3,3,3,2,1,4,2,1,2,2,2,2,2,2
0080a_num1.png,1,2,2,2,2,1,1,2,1,4,2,2,2,1,2
1158a_num2.png,2,2,2,1,2,1,1,1,1,1,2,3,2,2,2
1242a_num2.png,1,2,2,2,2,2,1,1,1,2,2,1,1,1,2
0047a_num1.png,2,3,1,1,2,1,1,1,1,1,2,2,2,1,2
0122a_num2.png,2,2,2,2,2,2,2,1,1,2,2,2,2,2,2
1176a_num1.png,2,2,1,1,2,2,2,2,1,2,1,2,2,1,1
1012a_num2.png,2,2,2,2,2,2,2,1,2,2,2,2,3,2,2
0454a_num2.png,2,2,2,2,2,2,1,1,1,2,2,3,4,1,2
1235a_num2.png,1,1,2,2,2,2,1,1,1,2,2,2,2,1,2
0272a_num2.png,2,2,1,1,2,2,4,1,1,2,1,3,2,1,1
1203a_num2.png,1,3,3,3,2,1,1,1,1,2,2,2,1,2,2
0786a_num2.png,1,1,3,3,2,1,1,1,1,2,2,1,1,2,2
0192a_num2.png,1,1,2,1,2,2,2,1,1,2,1,2,2,1,1
0960a_num2.png,2,2,2,2,2,2,1,1,1,2,2,2,4,2,2
0237a_num2.png,2,2,3,3,2,2,2,1,1,2,2,2,2,1,2
0230a_num1.png,1,2,2,2,2,2,1,1,1,2,2,2,2,2,2
1148a_num1.png,1,3,2,2,2,1,1,1,1,4,2,2,1,2,2
0559aa_num2.png,2,2,2,2,2,2,1,1,1,2,2,3,4,2,2
0276a_num2.png,1,3,3,2,2,1,1,1,1,2,2,2,1,2,2
0792a_num1.png,2,2,2,2,2,2,2,1,1,2,2,2,2,1,1
1526a_num2.png,2,3,3,2,2,1,1,1,1,2,2,2,1,2,2
0911a_num1.png,1,2,3,3,2,2,2,1,1,2,2,2,2,2,2
0146a_num2.png,1,3,3,3,2,1,1,2,1,1,1,1,1,1,1
0449a_num1.png,2,2,2,2,2,2,1,1,1,2,2,3,2,2,2
0868a_num1.png,1,2,3,3,2,1,1,1,1,2,2,3,2,2,2
1117a_num2.png,2,2,2,2,2,2,1,1,1,2,2,2,2,2,2
0165aa_num1.png,2,1,3,3,2,2,2,1,1,2,1,2,2,1,1
0320a_num2.png,2,3,2,2,2,1,1,1,1,2,2,2,2,2,2
0325a_num1.png,2,3,3,3,2,1,1,1,1,4,2,2,1,2,2
1039a_num1.png,2,2,2,2,2,2,2,1,1,2,2,3,2,2,2
1283a_num1.png,2,2,2,2,2,1,4,1,1,2,2,2,1,1,2
0521a_num1.png,1,2,2,2,2,2,2,1,1,2,2,2,3,2,2
0219a_num1.png,1,2,3,3,2,2,1,2,1,4,2,2,1,1,2
1287a_num1.png,2,1,2,2,2,2,1,1,1,2,2,3,2,2,2
0427a_num2.png,2,1,2,2,2,2,1,1,1,1,2,2,2,1,2
0667a_num1.png,2,2,2,2,2,1,1,1,1,2,2,1,1,2,2
1518a_num2.png,2,3,2,2,2,2,1,2,1,2,2,3,2,2,2
0812a_num1.png,2,2,2,2,2,1,2,1,1,2,2,3,2,2,2
1302a_num1.png,2,2,3,3,2,1,1,1,1,2,2,3,2,2,2
0997a_num2.png,2,2,2,2,2,1,1,1,1,2,2,2,2,2,2
0941a_num2.png,2,2,2,2,2,2,2,1,1,2,2,3,2,1,2
0008a_num1.png,1,3,3,2,2,1,1,1,1,4,2,2,1,2,2
0963a_num2.png,1,2,2,2,2,2,2,1,1,2,2,2,3,2,2
0455aa_num1.png,2,3,2,1,2,2,2,1,1,2,1,3,2,1,1
0149a_num1.png,2,2,3,2,2,2,1,1,1,2,2,2,4,2,2
0194a_num2.png,2,1,3,2,2,1,1,1,1,2,2,2,1,2,2
0237a_num1.png,2,2,2,2,2,2,2,1,1,2,2,2,2,2,2
0905a_num1.png,1,2,3,3,2,1,1,1,1,2,2,2,1,2,2
1323a_num2.png,2,2,1,1,2,1,3,1,1,1,2,3,1,1,1
1357a_num2.png,1,2,2,2,2,2,2,1,1,2,2,3,2,2,2
0183a_num2.png,2,2,2,2,2,2,1,1,1,2,2,2,2,2,2
0578a_num1.png,1,2,2,2,2,2,1,1,1,1,2,2,2,2,2
1057aa_num2.png,2,2,3,3,2,2,1,1,1,2,2,2,1,2,2
0719a_num2.png,2,3,1,2,2,2,1,1,1,2,2,3,1,1,1
0511a_num2.png,1,2,2,2,2,1,1,1,1,2,2,2,1,2,2
0894a_num1.png,1,1,2,3,2,2,2,1,1,2,1,2,4,1,1
1454a_num1.png,2,2,1,1,2,2,3,2,2,2,1,3,4,1,1
1155a_num1.png,2,2,2,2,2,2,1,1,1,2,2,3,2,2,2
0650a_num1.png,2,3,2,2,2,2,1,1,1,2,2,2,2,2,2
0596a_num2.png,1,2,2,2,2,2,1,1,1,2,1,3,2,1,1
1269a_num2.png,2,2,3,3,2,2,1,1,1,2,2,3,2,1,1
1146a_num1.png,2,2,2,1,2,2,1,1,1,2,2,2,4,1,2
0124a_num1.png,1,1,3,2,2,1,1,1,1,1,2,2,1,1,1
0559aa_num1.png,2,2,2,2,2,2,1,1,1,2,2,3,4,2,2
0577a_num1.png,2,2,1,1,2,2,2,1,1,2,2,3,4,1,2
0397a_num1.png,2,2,2,2,2,1,1,1,1,2,2,3,4,2,2
0481a_num1.png,2,3,2,1,2,2,2,2,1,2,1,2,3,1,1
0747a_num1.png,2,2,2,2,2,2,2,1,1,2,2,2,2,2,2
0650a_num2.png,2,3,2,2,2,2,1,1,1,1,1,2,2,1,1
1189a_num2.png,1,1,2,2,2,2,1,1,1,2,2,2,4,1,2
0601a_num1.png,1,2,2,2,2,2,2,1,1,2,2,2,4,1,2
1111a_num2.png,2,2,2,2,2,1,1,1,1,1,2,2,2,2,2
0698a_num1.png,1,2,2,2,2,1,1,1,1,4,2,2,2,2,2
1123aa_num2.png,2,2,2,2,2,2,1,1,1,2,2,3,4,2,2
1320a_num2.png,1,2,2,2,2,2,2,2,1,2,2,2,3,2,2
0825a_num2.png,2,3,2,2,2,2,1,1,1,4,2,2,1,1,1
0143a_num1.png,2,3,1,1,2,2,2,1,1,2,2,3,4,1,2
1234a_num1.png,1,2,2,2,2,2,1,1,1,2,2,2,2,1,1
0234a_num1.png,2,2,2,2,2,2,1,1,1,2,2,2,4,1,2
0711a_num1.png,1,2,2,2,2,2,2,1,1,2,2,3,3,1,2
0308a_num2.png,2,2,3,2,2,2,1,1,1,2,2,2,2,2,2
1121a_num1.png,2,2,3,3,2,2,2,1,1,2,2,3,2,2,2
0353a_num1.png,2,2,2,2,2,2,2,1,1,2,2,2,4,2,2
1166a_num1.png,1,3,2,2,2,1,1,1,1,2,2,2,1,2,2
0325a_num2.png,1,2,3,3,2,1,1,1,1,2,2,2,2,2,2
0502a_num1.png,1,2,3,2,2,2,1,1,1,2,2,2,1,2,2
1006a_num2.png,2,2,2,2,2,2,2,2,1,2,2,2,2,1,2
1400aa_num2.png,2,2,2,2,2,2,2,2,1,2,2,3,3,1,1
1140aa_num1.png,2,3,2,2,2,2,1,1,1,2,2,2,2,2,2
0082a_num2.png,2,3,1,1,2,2,1,1,1,2,2,2,4,1,2
0747a_num2.png,2,2,2,2,2,2,2,1,1,2,2,3,4,2,2
0354a_num2.png,2,2,2,2,2,2,1,2,1,2,2,3,3,2,2
1247a_num1.png,2,2,2,2,2,1,1,1,1,2,2,2,2,2,2
0473a_num1.png,2,2,3,2,2,2,1,1,1,2,2,2,2,2,2
0048a_num1.png,2,3,1,1,2,1,1,1,1,1,1,3,1,1,1
0820a_num1.png,1,2,2,2,2,2,1,1,1,2,2,2,4,2,2
0531a_num1.png,1,1,1,1,2,2,3,1,1,2,2,2,3,1,2
1345a_num1.png,2,2,3,2,2,1,1,1,1,2,2,1,1,2,2
0471a_num2.png,2,2,2,2,2,2,2,1,2,2,2,2,3,2,2
1400aa_num1.png,2,1,1,1,2,2,3,2,2,2,2,3,3,1,2
1029a_num1.png,2,2,2,2,2,2,1,1,1,2,2,3,4,2,2
0522a_num2.png,2,3,2,1,2,2,2,1,1,2,1,2,1,1,1
0102a_num2.png,1,1,3,2,2,2,4,1,1,2,2,2,1,1,2
0909a_num2.png,1,1,1,1,2,2,3,1,1,2,2,2,2,1,1
0380a_num2.png,1,2,2,2,2,2,1,1,1,2,1,3,2,1,1
0765a_num1.png,2,2,3,3,2,2,1,1,1,2,2,2,2,2,2
0752a_num1.png,1,1,3,3,2,2,1,2,1,2,2,3,2,2,2
0780a_num2.png,2,1,3,3,2,1,1,1,1,2,2,2,1,1,2
1385a_num2.png,2,2,1,1,2,2,1,1,1,1,1,3,4,1,1
0193a_num2.png,2,2,2,2,2,2,1,1,1,2,2,3,2,1,1
0644a_num1.png,2,1,3,2,2,2,1,1,1,2,2,2,4,2,2
0932a_num2.png,1,1,3,3,2,2,2,1,1,2,2,3,2,2,2
0719a_num1.png,2,3,1,2,2,2,1,1,1,2,2,3,1,1,1
0838a_num1.png,1,2,2,2,2,2,2,1,1,2,2,3,4,2,2
0254a_num1.png,2,2,2,2,2,1,2,1,1,2,2,2,2,2,2
0378a_num1.png,2,3,2,2,2,1,1,1,1,2,2,2,1,1,2
0872a_num2.png,1,2,3,2,2,2,1,1,1,2,2,2,1,2,2
0056a_num2.png,2,2,2,2,2,2,2,2,1,2,1,3,2,1,1
0953a_num2.png,1,2,2,2,2,2,1,1,1,2,2,3,2,1,1
1541a_num1.png,1,2,2,2,2,1,1,1,1,4,2,3,4,2,2
1388a_num1.png,2,1,2,2,2,1,3,1,1,2,2,2,2,1,2
1350a_num1.png,2,2,2,2,2,2,1,1,1,2,2,3,3,1,1
0841a_num2.png,2,3,1,1,2,2,1,1,1,2,1,3,4,1,1
0177a_num1.png,2,3,2,2,2,1,1,1,1,2,2,2,1,2,2
0600a_num1.png,2,3,1,1,2,2,1,1,1,2,1,2,4,1,1
1420a_num2.png,2,2,2,2,2,1,1,1,1,2,2,2,1,2,2
0876a_num1.png,1,2,3,2,2,1,1,1,1,2,2,2,1,2,2
1427a_num1.png,2,2,3,2,2,1,2,1,1,2,2,2,2,2,2
0957a_num1.png,1,2,2,2,2,2,1,2,1,4,2,2,2,1,1
0513a_num1.png,1,2,2,2,2,1,1,1,1,1,2,2,2,2,2
0756a_num2.png,2,2,2,2,2,1,2,1,1,2,2,2,2,1,2
0715a_num2.png,2,2,2,2,2,2,2,1,1,2,2,3,2,2,2
0562a_num1.png,1,2,2,2,2,2,2,1,1,2,2,3,3,2,2
0524aa_num1.png,1,2,2,2,2,1,1,1,1,1,2,3,2,1,2
1134a_num1.png,2,2,2,1,2,2,2,1,1,2,2,3,4,1,1
0203a_num2.png,1,1,3,3,2,1,1,1,1,4,2,2,2,1,1
1050a_num2.png,2,1,3,3,2,1,1,1,1,2,2,2,1,1,2
0474a_num2.png,2,2,2,2,2,2,2,1,1,2,2,3,3,2,2
1524a_num2.png,2,3,2,2,2,1,2,2,1,1,2,2,1,1,2
1215a_num2.png,1,1,3,3,2,1,1,1,1,2,2,2,1,2,2
0833a_num2.png,2,3,2,2,2,1,1,1,1,4,2,2,1,2,2
0100a_num1.png,2,3,3,3,2,1,1,1,1,2,2,2,1,2,2
0955a_num1.png,1,2,2,2,2,2,1,1,1,2,2,3,2,1,2
1043a_num1.png,2,2,2,2,2,2,1,1,1,2,2,2,2,2,2
0257a_num2.png,2,2,1,1,2,2,3,1,1,2,2,2,4,1,2
1374a_num2.png,2,2,3,2,2,2,1,1,1,2,2,2,4,1,2
1092a_num1.png,2,2,2,2,2,2,1,1,1,2,2,2,2,1,1
1249a_num1.png,2,2,2,2,2,1,1,1,1,2,2,2,2,2,2
1230a_num2.png,2,2,1,1,2,2,3,1,1,2,2,3,3,1,1
0473a_num2.png,1,2,2,2,2,2,2,1,1,2,2,3,2,1,2
0664a_num2.png,1,2,2,2,2,2,2,1,1,2,2,3,2,1,2
0998a_num1.png,2,2,2,2,2,1,4,1,1,2,2,2,2,2,2
0853a_num1.png,2,1,2,1,2,2,3,1,2,2,2,3,2,1,1
0753a_num1.png,1,2,2,2,2,1,1,1,1,2,2,2,2,2,2
1380a_num1.png,2,1,1,1,2,2,3,1,1,2,2,3,2,1,1
0891a_num1.png,2,2,2,2,2,2,2,1,1,2,1,3,2,1,1
0657a_num2.png,1,1,2,2,2,2,1,1,2,2,2,3,2,2,2
0151a_num1.png,2,3,2,2,2,1,1,1,1,2,2,1,1,2,2
0005a_num1.png,2,2,2,2,2,2,2,1,1,4,2,3,2,2,2
0811a_num2.png,2,2,2,1,2,2,2,1,1,2,1,3,2,1,1
0975a_num1.png,2,2,2,2,2,1,1,1,1,1,2,2,1,1,2
0146a_num1.png,1,1,3,3,2,1,1,1,1,2,2,2,1,1,1
0013aa_num1.png,2,2,2,2,2,2,1,1,1,2,2,2,4,2,2
0426a_num2.png,2,2,2,2,2,1,1,1,1,2,2,2,4,2,2
0957a_num2.png,1,3,2,2,2,1,1,1,1,4,2,2,1,2,2
0599a_num2.png,2,3,1,1,2,2,3,2,1,1,1,2,4,1,1
0847a_num1.png,1,2,2,3,2,2,1,1,1,1,2,2,2,1,1
0094a_num2.png,2,3,2,2,2,1,1,1,1,4,2,2,2,2,2
1271a_num2.png,2,2,2,2,2,2,1,1,1,2,2,2,2,2,2
0259a_num1.png,2,3,1,1,2,2,1,1,1,1,2,2,2,1,1
0253a_num1.png,2,3,2,2,2,2,2,1,1,2,1,2,2,1,1
1524a_num1.png,2,2,1,1,2,1,2,1,1,1,2,2,1,1,1
0795a_num1.png,2,2,1,1,2,2,1,1,1,2,2,3,4,1,2
0939a_num2.png,1,3,3,2,2,1,1,1,1,2,2,2,1,1,2
0524a_num1.png,1,2,2,2,2,1,1,1,1,4,2,3,2,2,2
0598a_num1.png,2,3,2,2,1,1,1,1,1,1,2,1,1,2,2
0122a_num1.png,2,2,2,2,2,2,2,1,1,2,2,3,2,1,2
0317a_num2.png,2,2,2,2,2,2,1,1,1,2,2,3,2,2,2
1465a_num1.png,2,3,1,1,2,2,3,1,1,2,2,3,4,1,2
1454a_num2.png,2,3,1,1,2,2,2,1,1,2,1,3,4,1,1
1013a_num1.png,2,1,2,2,2,2,3,1,1,2,2,2,2,1,2
0157a_num1.png,2,2,2,2,2,1,1,1,1,2,2,2,1,2,2
1289a_num1.png,1,2,2,2,2,2,1,1,1,2,2,2,2,1,2
0746a_num2.png,2,2,2,2,2,1,4,1,1,2,2,2,4,2,2
0876a_num2.png,1,2,3,3,2,1,1,1,1,2,2,2,2,2,2
0505aa_num2.png,2,3,2,2,2,2,1,1,1,2,2,2,1,2,2
1330a_num2.png,2,2,2,1,2,2,2,1,1,2,2,3,2,1,2
0082a_num1.png,2,3,1,2,2,2,1,1,1,2,2,2,4,1,2
0019aa_num1.png,2,3,3,3,2,1,1,1,1,2,2,2,2,2,2
0012a_num1.png,2,2,2,1,2,2,1,1,1,4,1,3,2,1,1
0911aa_num1.png,1,2,2,2,2,2,2,1,1,2,2,2,2,2,2
0778a_num2.png,2,3,2,2,2,1,1,1,1,4,2,2,1,2,2
0312a_num2.png,2,3,2,2,2,1,1,1,1,2,2,2,1,2,2
1294a_num2.png,2,2,1,1,2,2,2,2,1,2,2,2,4,1,1
0671aa_num2.png,2,1,2,2,2,2,1,1,1,1,2,1,1,1,1
0397a_num2.png,2,2,2,2,2,1,1,1,1,2,2,2,4,2,2
1076a_num2.png,1,2,2,2,2,1,4,1,1,2,2,2,1,2,2
1453a_num1.png,2,2,2,2,2,1,1,1,1,2,2,3,2,1,2
0511a_num1.png,2,2,2,2,2,1,1,1,1,2,2,2,4,2,2
0822a_num2.png,2,2,2,3,2,1,1,2,1,2,2,2,2,2,2
0167a_num2.png,2,3,2,2,2,1,1,1,1,1,1,1,1,1,1
0431a_num1.png,2,3,2,2,2,2,1,1,1,2,1,2,4,1,1
0034c_num1.png,2,2,2,2,2,2,1,1,1,2,2,3,2,2,2
0982a_num2.png,1,3,1,1,2,1,2,1,1,2,2,2,2,1,1
0568a_num1.png,1,1,1,1,2,2,1,1,2,2,1,2,2,1,1
0128a_num1.png,2,3,1,1,2,2,2,1,1,2,2,2,3,1,1
0197a_num2.png,1,2,2,2,2,2,1,2,1,2,2,2,2,1,1
0098a_num1.png,2,2,1,1,2,2,4,1,1,1,1,2,4,1,1
0721a_num2.png,1,2,2,2,2,1,1,1,1,2,2,2,3,1,2
0617a_num2.png,2,2,2,1,2,2,2,2,1,2,2,3,3,1,2
0065a_num1.png,2,2,2,2,2,2,4,1,1,2,2,2,2,1,2
0587a_num2.png,2,2,1,1,2,2,1,1,2,2,2,3,4,1,2
0514a_num2.png,2,2,2,2,2,2,1,1,1,2,2,2,2,2,2
1098aa_num1.png,2,2,3,3,2,1,1,1,1,2,2,2,2,2,2
0871a_num1.png,1,2,3,3,2,1,1,1,1,2,2,2,2,2,2
0762aa_num1.png,2,2,3,3,2,2,1,1,1,2,2,3,2,2,2
1417a_num1.png,2,3,1,1,2,2,2,1,1,2,2,3,2,1,2
1011a_num1.png,2,2,1,1,2,2,1,1,1,2,2,3,4,1,1
0234a_num2.png,2,3,1,1,2,2,1,1,1,2,2,2,4,2,2
1224a_num1.png,2,2,2,2,2,2,1,1,1,2,2,3,2,2,2
1451a_num1.png,1,1,2,2,2,2,2,1,1,2,2,3,2,1,2
1491a_num2.png,2,2,2,2,2,2,2,1,1,2,2,3,4,1,2
0115a_num2.png,1,2,2,1,2,2,1,1,1,1,1,2,2,1,1
1301a_num1.png,2,3,2,2,2,1,1,1,1,2,2,2,1,1,1
0569a_num2.png,2,2,2,2,2,2,2,1,1,2,1,3,4,1,1
1402a_num2.png,2,2,2,1,2,2,4,1,1,2,2,2,2,1,2
1453a_num2.png,2,2,1,1,2,1,4,1,1,2,2,3,4,1,1
1116a_num1.png,2,2,3,2,2,1,1,1,1,2,2,1,1,2,2
1468a_num1.png,2,3,1,1,2,2,2,1,1,2,2,3,3,1,1
0725a_num2.png,1,3,2,2,2,1,1,1,1,1,2,2,1,1,1
0997a_num1.png,2,2,2,2,2,1,4,1,1,2,2,2,2,2,2
1380a_num2.png,2,1,1,1,2,2,3,1,2,2,2,2,2,1,1
1029a_num2.png,2,2,2,2,2,2,1,1,1,2,2,3,2,2,2
0328aa_num1.png,2,2,2,2,2,1,2,1,1,2,2,3,2,2,2
1333a_num1.png,2,3,3,3,2,1,1,1,1,2,2,2,1,2,1
1495a_num2.png,2,2,2,2,2,2,2,1,1,2,2,2,2,2,2
0006a_num2.png,2,2,2,2,2,2,2,1,1,4,2,2,2,1,2
0181a_num2.png,2,2,2,2,2,2,2,1,1,2,2,3,2,2,2
1420a_num1.png,2,2,2,2,2,1,1,1,1,4,2,3,2,2,2
1157a_num1.png,2,1,3,2,2,2,1,1,1,1,2,2,2,1,2
0077a_num2.png,1,2,3,2,2,2,1,1,1,2,2,2,2,2,2
0117a_num1.png,1,2,3,3,2,1,1,1,1,2,2,2,1,2,2
1101a_num1.png,2,3,3,3,2,1,1,1,1,2,2,2,1,2,2
0701a_num2.png,2,2,2,2,2,2,2,1,1,2,2,2,4,2,2
0213a_num2.png,1,1,3,2,2,1,4,1,1,1,2,2,1,2,2
0822a_num1.png,2,2,2,2,2,2,1,1,1,2,2,2,2,2,2
1143a_num2.png,2,2,2,2,2,2,1,1,1,2,2,2,4,2,2
0884a_num1.png,2,2,1,1,2,2,3,1,1,2,2,3,4,1,2
0191a_num1.png,2,2,2,2,2,2,1,1,1,2,2,2,2,2,2
1024a_num2.png,2,3,2,2,2,2,1,1,1,2,2,3,2,1,1
0765a_num2.png,2,2,3,3,2,2,1,1,1,2,2,2,1,2,2
0810a_num2.png,2,3,1,1,2,2,4,1,1,2,1,3,1,1,1
0115a_num1.png,1,1,2,2,2,2,1,1,1,2,2,3,2,1,2
0828a_num1.png,2,2,2,1,2,2,1,1,1,2,2,3,2,2,2
0768a_num1.png,2,2,2,2,2,2,1,1,2,2,2,2,2,2,2
1116a_num2.png,2,2,2,2,2,1,1,1,1,2,2,2,2,2,2
0213a_num1.png,2,2,2,2,2,2,4,2,1,2,2,2,2,1,2
1234a_num2.png,1,2,2,2,2,2,1,1,1,2,2,3,2,2,2
0497a_num2.png,1,2,3,3,2,2,1,1,1,2,2,2,2,2,2
0293a_num1.png,2,3,1,1,2,2,1,2,1,1,1,1,1,1,1
0671aa_num1.png,2,1,3,2,2,2,1,1,1,2,2,2,1,1,2
1121a_num2.png,2,2,2,2,2,2,2,1,1,2,2,3,3,2,2
0155a_num2.png,2,2,2,2,2,1,1,1,1,2,2,2,1,2,2
0635a_num1.png,1,2,3,2,2,2,1,1,1,2,2,2,2,2,2
0072a_num1.png,2,3,1,1,2,2,3,1,1,1,2,3,1,1,1
1030a_num2.png,2,3,2,1,2,2,1,1,1,2,2,3,1,1,2
1519a_num2.png,2,3,1,1,2,2,3,1,2,2,2,2,2,1,1
0768a_num2.png,2,2,2,2,2,2,1,1,1,2,2,2,2,1,2
0070a_num1.png,2,3,1,1,2,2,1,1,1,1,1,3,1,1,1
0155a_num1.png,2,2,3,2,2,1,1,1,1,2,2,2,2,2,2
0349a_num1.png,1,2,3,3,2,2,2,1,1,2,2,3,2,2,2
0819a_num2.png,2,2,2,2,2,1,1,1,1,2,2,3,2,2,2
1439a_num1.png,1,2,2,2,2,1,1,1,1,4,1,3,3,1,1
0939a_num1.png,1,3,2,2,2,1,1,1,1,4,2,2,4,2,2
0950aa_num1.png,1,1,1,1,2,2,2,2,1,1,1,3,3,1,1
0479a_num2.png,1,3,2,2,2,1,1,1,1,1,2,2,2,1,1
0300a_num1.png,2,2,2,1,2,2,2,1,1,2,2,3,4,1,2
0230a_num2.png,1,3,2,2,2,1,1,1,1,2,2,2,2,1,2
0383a_num2.png,2,3,2,2,2,1,2,1,1,1,2,2,1,1,2
1537a_num1.png,2,2,2,2,2,1,1,1,1,2,2,2,4,2,2
1355a_num2.png,2,2,2,2,2,2,1,1,1,2,2,2,3,2,2
0192a_num1.png,1,1,2,1,2,2,3,1,1,2,2,2,2,1,1
0608a_num1.png,2,3,2,2,2,2,1,1,1,2,2,2,2,1,2
0715a_num1.png,1,2,3,3,2,2,2,1,1,2,2,2,2,2,2
0676a_num1.png,2,2,2,2,2,2,2,1,1,2,2,2,2,2,2
0832a_num2.png,1,1,3,3,2,2,2,1,1,2,2,2,2,2,2
1355a_num1.png,2,2,2,2,2,2,1,1,1,4,2,2,3,2,2
0132a_num2.png,2,2,2,2,2,2,1,1,1,2,1,2,2,1,1
0535a_num2.png,1,2,2,2,2,2,3,2,1,2,2,3,2,1,2
0104a_num2.png,1,2,2,2,2,2,1,2,1,2,2,3,4,1,1
1250a_num1.png,1,2,2,2,2,2,1,1,1,2,2,2,2,1,2
0338a_num1.png,1,2,3,2,2,2,1,1,1,2,2,3,1,1,1
0068a_num2.png,1,2,2,2,2,2,1,1,1,2,2,2,4,1,2
0257a_num1.png,2,2,2,1,2,2,2,1,1,2,1,3,2,1,1
0151a_num2.png,2,3,2,2,2,1,1,1,1,2,2,2,1,2,2
1123aa_num1.png,2,2,2,2,2,2,2,1,1,2,2,3,2,1,2
1302a_num2.png,2,2,3,3,2,2,2,1,1,2,2,3,2,2,2
1026a_num1.png,2,2,2,2,2,2,1,1,1,2,2,3,2,1,1
1493a_num1.png,2,2,2,1,2,2,1,1,1,2,2,3,4,1,2
0941a_num1.png,1,2,2,2,2,2,2,1,1,2,2,3,2,1,2
1085a_num2.png,2,2,2,2,2,2,1,1,1,2,2,2,1,2,2
1430a_num2.png,2,2,1,1,2,2,3,1,1,2,2,2,4,2,2
0158a_num1.png,2,2,2,2,2,1,1,1,1,2,2,1,1,2,2
0817a_num1.png,1,2,3,3,2,1,1,1,1,2,2,2,1,2,2
0172aa_num1.png,2,3,2,2,2,1,4,1,1,1,2,1,1,1,1
0199a_num2.png,2,3,2,2,2,2,1,1,1,2,2,2,1,1,1
1439a_num2.png,2,2,2,2,2,2,1,1,1,1,2,3,2,1,1
0087a_num2.png,2,2,2,2,2,1,1,1,1,4,2,3,2,2,2
1565a_num2.png,2,2,1,1,2,2,3,1,1,1,1,2,1,1,1
1345a_num2.png,2,1,3,3,2,1,1,1,1,2,2,2,1,2,2
1009a_num1.png,2,1,2,1,2,2,1,1,1,1,1,3,2,1,1
0187a_num2.png,1,3,2,1,2,1,1,1,1,1,1,3,2,1,1
0518a_num2.png,1,2,3,2,2,2,2,1,1,2,2,2,3,2,2
0219a_num2.png,1,2,3,3,2,2,1,1,1,2,2,2,4,1,2
0947a_num1.png,1,1,3,3,2,1,1,1,1,2,2,2,2,2,2
1266a_num2.png,2,3,1,1,2,2,1,1,1,1,1,3,2,1,1
1349a_num1.png,2,2,2,2,2,2,2,1,1,2,2,2,3,1,1
1287a_num2.png,1,2,3,2,2,2,1,1,1,2,2,3,2,2,2
1277a_num2.png,2,2,2,2,2,1,1,1,1,2,2,2,2,2,2
1504a_num1.png,2,2,2,2,2,2,2,1,1,2,2,2,2,2,2
0646aa_num1.png,2,2,2,1,2,2,1,1,1,2,2,3,2,1,1
0703a_num1.png,2,2,2,2,2,2,1,1,1,2,2,3,2,1,1
1043a_num2.png,2,2,2,2,2,2,1,1,1,2,2,2,2,2,2
1527aa_num1.png,2,2,2,2,2,1,1,1,1,2,2,3,2,2,2
1393a_num2.png,2,2,2,2,2,2,2,1,1,2,2,3,2,1,2
1157a_num2.png,2,1,3,3,2,1,1,1,1,1,2,3,2,1,2
0328a_num1.png,2,2,2,2,2,2,1,1,1,2,2,2,2,2,2
1016aa_num1.png,2,1,3,3,2,2,1,1,1,2,2,2,2,1,2
0091a_num1.png,1,1,3,3,2,2,1,2,1,2,2,2,1,1,1
0135a_num2.png,2,2,3,2,2,2,1,1,1,2,2,2,2,2,2
0599a_num1.png,2,3,1,1,2,2,3,1,1,1,2,2,2,1,1
0820a_num2.png,2,2,2,2,2,2,2,1,1,2,2,2,2,2,2
0697a_num2.png,2,1,1,1,2,2,3,1,1,2,2,2,2,1,2
1141a_num1.png,2,3,3,2,2,1,1,1,1,2,2,2,2,2,2
1030a_num1.png,2,2,2,2,2,2,2,1,1,2,2,3,3,1,2
0608a_num2.png,2,2,2,2,2,2,1,1,1,2,2,3,4,1,2
0002a_num1.png,2,2,2,2,2,1,1,1,1,1,2,2,1,1,1
0259a_num2.png,2,3,2,1,2,2,1,2,1,1,1,3,2,1,1
0309a_num1.png,2,2,2,2,2,1,1,1,1,1,2,1,1,2,2
0818aa_num2.png,2,2,2,2,2,2,2,1,1,2,2,3,2,1,2
0577a_num2.png,1,2,2,2,2,2,2,1,1,2,1,3,2,1,1
0612a_num2.png,2,2,1,1,2,2,2,2,1,2,2,3,3,1,2
1026a_num2.png,2,2,2,1,2,2,1,1,1,1,1,3,1,1,1
1194a_num2.png,1,1,3,3,2,2,2,2,1,2,2,3,2,2,2
0291a_num2.png,2,3,1,1,2,2,3,1,1,2,1,3,4,1,1
0854aa_num1.png,2,2,1,1,2,2,3,1,1,2,2,3,3,1,2
0384a_num1.png,2,2,2,2,2,2,1,1,1,2,2,3,2,1,2
1231a_num1.png,2,2,2,2,2,1,2,1,1,2,2,3,2,2,2
1028a_num1.png,2,1,2,1,2,1,3,1,1,2,2,3,1,1,2
0896a_num2.png,2,2,1,1,2,2,2,1,1,1,2,3,2,1,1
0034c_num2.png,2,2,2,2,2,2,1,1,1,2,2,3,2,2,2
0902a_num1.png,1,2,2,2,2,1,1,1,1,2,2,2,2,2,2
0009a_num1.png,1,2,2,2,2,2,1,1,1,4,2,2,2,1,2
0087a_num1.png,1,2,2,2,2,1,1,1,1,4,2,3,2,2,2
0894a_num2.png,1,1,2,3,2,2,1,1,1,1,1,2,4,1,1
0813a_num1.png,2,2,2,2,2,2,1,1,1,2,2,3,4,1,2
0156a_num2.png,2,2,1,1,2,1,4,1,1,2,2,2,2,2,2
0068a_num1.png,2,1,2,2,2,2,1,2,2,2,2,2,2,1,2
0623a_num1.png,1,2,2,2,2,2,2,1,1,2,2,3,2,1,2
0242a_num1.png,2,2,2,2,2,2,2,1,1,2,2,2,2,2,2
0854a_num1.png,1,1,1,1,2,2,3,1,1,1,1,2,2,1,1
0518a_num1.png,1,2,3,3,2,2,2,1,1,2,2,2,3,2,2
1019a_num2.png,2,2,2,2,2,2,1,1,1,2,2,3,2,2,2
0102a_num1.png,1,1,3,3,2,2,4,1,1,2,2,2,1,2,2
0080a_num2.png,1,2,2,2,2,2,1,1,1,2,2,2,2,2,2
0405a_num1.png,2,2,2,2,2,2,1,1,2,2,2,3,2,1,1
0746a_num1.png,2,2,2,2,2,2,4,1,2,2,2,2,4,1,2
1143a_num1.png,2,2,2,2,2,2,1,1,1,4,2,3,4,2,2
0687a_num2.png,1,3,2,2,2,1,1,2,1,4,2,2,1,1,2
0411a_num1.png,2,2,1,1,2,2,3,1,1,2,1,3,2,1,1
1527a_num1.png,2,3,2,2,2,1,1,1,1,2,2,3,2,2,2
1342a_num2.png,1,2,3,3,2,1,1,1,1,2,2,2,2,2,2
0449a_num2.png,2,2,2,2,2,2,1,1,1,2,2,3,2,2,2
0556a_num2.png,1,2,3,2,2,2,1,1,1,2,2,3,2,2,2
1042a_num1.png,2,2,2,2,2,2,1,2,1,2,1,2,2,1,1
0962a_num1.png,2,1,1,1,2,2,2,1,2,2,2,3,2,1,1
0465a_num2.png,1,2,2,2,2,2,1,1,1,2,2,2,1,2,2
0516a_num2.png,1,2,2,2,2,2,1,2,1,2,2,3,2,1,1
0006a_num1.png,2,2,2,2,2,2,2,1,1,4,2,2,2,2,2
0468a_num2.png,2,3,3,2,2,2,1,1,1,2,1,2,2,1,1
0721a_num1.png,1,3,3,2,2,1,1,2,1,2,1,2,2,1,1
0357a_num2.png,2,2,2,1,2,2,3,1,1,2,2,3,1,1,1
0183a_num1.png,1,1,3,3,2,2,1,1,1,2,2,1,4,1,1
1250a_num2.png,1,2,2,2,2,2,1,1,1,2,2,2,2,1,2
0052a_num1.png,2,2,2,2,2,1,1,1,1,4,2,2,1,1,2
0478a_num2.png,2,3,1,1,2,2,2,1,1,2,2,2,2,1,1
0387a_num2.png,1,2,2,2,2,2,1,1,1,2,2,2,3,2,2
0882a_num1.png,1,1,2,2,2,1,2,1,1,1,2,2,2,1,2
1344a_num1.png,2,2,2,2,2,2,2,1,1,2,2,3,2,2,2
0706a_num1.png,1,2,3,3,2,2,1,1,1,2,2,2,2,1,1
0994a_num1.png,2,2,2,2,2,1,4,1,1,1,2,1,1,1,2
1257a_num2.png,2,2,2,2,2,2,1,1,1,2,2,2,4,2,2
1388a_num2.png,2,1,2,2,2,1,3,1,1,2,2,2,2,1,2
1363a_num1.png,2,1,2,3,2,2,2,1,1,2,2,2,3,2,2
0460a_num1.png,2,2,3,3,2,1,1,1,1,2,2,2,1,1,2
1519a_num1.png,2,3,1,1,2,2,3,1,2,2,2,2,4,1,2
0779a_num1.png,2,2,2,2,2,1,4,1,1,2,2,2,1,2,2
0312a_num1.png,2,2,2,2,2,1,1,1,1,2,2,2,1,2,2
0507a_num2.png,2,2,2,2,2,2,2,1,1,2,2,2,3,1,2
0450a_num2.png,2,2,3,2,2,2,1,1,1,2,2,3,4,1,2
0778a_num1.png,1,2,3,3,2,1,1,1,1,4,2,2,1,2,2
1359a_num1.png,2,2,3,3,2,1,1,1,1,2,2,2,1,2,2
0169a_num1.png,2,2,1,1,2,2,2,1,1,2,2,3,3,1,2
1445a_num1.png,2,3,1,1,2,2,3,1,1,2,2,3,4,2,2
0200aa_num1.png,2,2,2,2,2,2,2,1,1,2,2,2,3,1,2
1214a_num2.png,1,3,2,2,2,1,1,1,1,4,2,2,1,1,2
1296a_num1.png,2,2,3,2,2,2,1,1,1,2,2,2,1,1,2
1374a_num1.png,2,2,2,2,2,2,1,1,1,2,2,2,2,2,2
0953a_num1.png,1,2,2,2,2,2,1,1,1,2,2,3,4,1,1
1518a_num1.png,2,2,2,2,2,2,1,2,1,2,2,3,2,1,2
1424a_num2.png,2,2,1,1,2,2,2,1,2,2,2,3,4,2,2
1291a_num1.png,1,2,3,2,2,2,1,1,1,2,2,2,2,1,2
1155a_num2.png,1,2,2,2,2,2,4,2,1,4,2,3,2,1,1
1209a_num1.png,2,3,1,1,2,2,2,1,1,1,1,2,2,1,1
0145a_num2.png,2,2,3,3,2,2,1,1,1,2,2,2,1,2,2
0401a_num2.png,2,3,1,1,2,2,2,2,1,2,1,3,2,1,1
0795a_num2.png,2,3,2,2,2,2,2,2,1,2,2,3,4,1,1
0629a_num2.png,1,2,3,2,1,1,1,1,1,1,2,1,1,2,1
0965a_num2.png,1,1,2,1,2,2,3,1,1,2,2,3,3,1,1
0199a_num1.png,2,3,2,2,2,2,1,1,1,2,1,2,1,1,1
0991a_num2.png,1,3,2,2,2,1,1,1,1,4,2,2,1,2,2
0600a_num2.png,2,2,2,1,2,2,1,1,1,2,1,3,4,1,1
0905a_num2.png,1,2,3,2,2,1,1,1,1,2,2,2,1,2,2
0019aa_num2.png,2,3,3,3,2,1,1,1,1,2,2,2,1,2,2
0165a_num1.png,2,2,2,2,2,2,1,1,1,1,2,2,2,1,1
1363a_num2.png,2,2,2,1,2,2,2,1,2,2,2,2,3,1,2
0142a_num2.png,1,2,2,2,2,2,1,1,1,4,2,2,2,2,2
0944aa_num1.png,2,3,2,1,2,2,1,1,1,2,2,3,2,1,2
0324a_num2.png,2,2,2,2,2,2,1,1,1,2,2,3,2,2,2
0698a_num2.png,1,3,2,2,2,1,1,1,1,4,2,2,1,1,2
1339a_num2.png,2,3,3,2,1,1,1,1,1,1,2,1,1,2,2
0677a_num1.png,2,2,3,3,2,1,1,1,1,2,2,2,1,2,2
0467a_num1.png,2,1,3,3,2,1,1,1,1,2,2,1,1,2,2
1560a_num2.png,2,3,3,2,2,1,1,1,1,2,2,2,1,2,2
0692aa_num2.png,2,3,1,1,2,2,2,1,1,2,1,2,4,1,1
1101a_num2.png,2,3,2,2,2,1,1,1,1,2,2,2,1,2,2
0380a_num1.png,2,2,2,2,2,2,4,1,1,2,2,3,4,1,2
1421a_num2.png,2,2,2,2,2,2,1,1,1,4,2,2,4,2,2
0137aa_num2.png,2,3,2,1,2,2,1,1,1,1,1,3,2,1,1
0810a_num1.png,2,3,1,1,2,2,1,1,1,2,1,3,1,1,1
0635a_num2.png,1,2,3,3,2,2,1,2,1,2,2,3,2,1,1
0104a_num1.png,2,2,2,2,2,2,1,1,1,4,2,2,4,1,2
0975a_num2.png,1,2,2,2,2,1,4,1,1,1,2,2,1,1,2
0152a_num1.png,1,2,3,3,2,1,1,1,1,1,2,2,2,1,2
0871a_num2.png,2,2,2,2,2,1,1,1,1,2,2,2,1,2,2
1333a_num2.png,2,3,3,3,2,1,1,1,1,2,2,2,1,2,2
0124a_num2.png,1,1,3,2,2,2,4,1,1,2,2,2,1,2,2
1112a_num1.png,2,1,3,3,2,2,1,1,1,2,2,2,2,2,2
0959a_num1.png,1,2,2,2,2,2,2,1,1,2,2,3,2,1,2
0676a_num2.png,2,2,2,2,2,2,2,1,1,2,2,3,2,2,2
0883a_num1.png,1,1,2,2,2,2,2,1,1,2,2,2,2,2,2
1224a_num2.png,1,2,3,3,2,2,1,1,1,2,2,2,2,1,1
0950aa_num2.png,2,2,2,2,2,2,2,1,1,2,2,2,4,2,2
0623a_num2.png,2,2,2,2,2,2,2,1,1,4,2,3,2,1,1
0840a_num2.png,2,2,2,2,2,2,2,1,1,2,2,2,2,2,2
1279a_num2.png,2,2,2,2,2,1,1,1,1,2,2,2,2,1,1
0931a_num2.png,1,2,3,2,2,2,1,1,1,2,2,2,2,1,2
1350a_num2.png,2,2,2,2,2,2,1,1,1,2,2,3,4,1,1
0384a_num2.png,2,2,2,2,2,2,1,1,1,2,2,3,2,2,2
1359a_num2.png,2,3,3,3,2,1,1,1,1,2,2,2,2,2,2
1289a_num2.png,2,2,1,1,2,2,2,1,1,2,2,3,2,1,2
1098a_num1.png,2,2,2,2,2,1,2,1,1,2,2,3,2,2,2
0048a_num2.png,2,2,2,2,2,2,1,1,1,1,2,2,1,1,1
0357a_num1.png,2,2,1,1,2,2,2,1,1,2,1,3,2,1,1
0446a_num2.png,1,3,2,2,2,1,1,1,1,4,2,2,2,2,2
0070a_num2.png,2,2,1,1,2,2,1,1,1,1,1,2,4,1,1
0021a_num1.png,2,2,2,2,2,2,2,1,1,2,2,3,2,2,2
0066a_num1.png,2,3,2,2,2,1,1,1,1,2,2,2,2,2,2
1515a_num1.png,2,2,2,2,2,2,4,1,1,1,2,2,1,1,1
1114aa_num2.png,2,2,2,2,2,2,1,1,1,2,1,3,2,1,1
0625a_num1.png,2,1,1,1,2,2,2,1,1,2,2,2,3,1,1
1448a_num3.png,2,3,1,1,2,2,3,1,1,2,2,3,2,1,2
0077a_num1.png,2,2,2,2,2,1,2,1,1,2,2,2,3,2,2
0982a_num1.png,2,3,1,1,2,1,2,1,1,1,1,2,2,1,1
0297a_num1.png,2,2,1,1,2,2,1,1,1,2,1,3,1,1,1
1085a_num1.png,1,3,2,2,2,2,1,1,1,2,2,2,1,2,2
1411a_num1.png,2,2,2,2,2,2,2,1,1,2,2,2,3,2,2
0381a_num1.png,1,2,2,2,2,2,2,1,1,2,2,3,2,1,2
1550a_num1.png,2,2,3,3,2,1,1,1,1,2,2,1,1,1,2
1242a_num1.png,1,2,2,2,2,2,1,1,1,2,2,2,1,1,1
0824a_num1.png,2,2,2,2,2,2,2,1,1,2,1,3,2,1,1
0231a_num2.png,2,2,2,1,2,2,1,2,1,2,2,1,1,1,1
1243aa_num2.png,2,2,2,2,2,2,1,1,1,4,2,3,2,1,1
0247a_num1.png,1,1,3,3,2,2,2,1,1,1,1,3,3,1,1
0705a_num1.png,1,2,2,2,2,2,1,1,1,2,2,2,3,2,2
0629a_num1.png,1,3,2,2,1,1,1,1,1,1,2,1,1,1,1
0703a_num2.png,2,1,2,2,2,2,1,1,1,2,1,3,2,1,1
0405a_num2.png,2,2,2,2,2,2,1,1,1,2,2,3,2,1,1
0858a_num1.png,2,2,2,2,2,2,1,1,1,2,2,3,4,2,2
1491a_num1.png,2,3,1,1,2,2,2,1,1,1,1,3,2,1,1
0959a_num2.png,1,2,2,2,2,2,2,1,1,2,2,3,2,1,1
0756a_num1.png,1,2,2,2,2,1,1,1,1,2,2,2,3,2,2
1549a_num1.png,2,2,2,2,2,1,1,1,1,2,2,2,2,2,2
0990a_num2.png,2,2,2,2,2,1,4,1,1,4,2,2,2,2,2
0815a_num1.png,2,2,2,2,2,2,2,1,1,2,2,2,2,2,2
0025a_num2.png,2,3,2,2,2,1,2,2,1,1,2,2,1,1,1
1344a_num2.png,2,2,2,2,2,2,1,2,1,2,2,2,2,2,2
0546a_num2.png,2,3,1,1,2,2,2,1,1,2,1,3,4,1,1
0956a_num1.png,2,1,1,1,2,2,3,1,2,2,1,3,4,1,1
0832a_num1.png,1,2,2,2,2,2,2,1,1,2,2,2,2,2,2
0001a_num1.png,2,2,2,2,2,2,1,1,1,2,2,2,2,2,2
0043a_num1.png,2,1,1,1,2,2,3,1,1,1,1,3,1,1,1
0254a_num2.png,1,2,3,2,2,2,1,1,1,2,2,2,2,2,2
0965a_num1.png,1,1,1,1,2,2,2,1,1,2,2,3,3,1,1
0904a_num1.png,2,2,2,2,2,1,3,1,1,2,2,3,1,2,2
0699a_num1.png,1,2,3,3,2,1,1,1,1,2,2,2,4,2,2
1385a_num1.png,2,3,1,1,2,2,1,1,1,1,1,3,1,1,1
0514a_num1.png,2,2,2,2,2,2,1,1,1,2,2,2,2,2,2
0009a_num2.png,1,2,2,2,2,2,2,1,1,1,2,2,2,1,1
0587a_num1.png,1,3,2,2,2,2,1,1,1,2,2,3,2,1,2
1299a_num1.png,2,2,2,2,2,2,2,1,1,2,2,3,1,2,2
0426a_num1.png,2,2,3,2,2,1,1,1,1,2,2,2,1,2,2
0085a_num2.png,1,3,2,2,2,2,1,1,1,2,2,2,1,2,2
1296a_num2.png,2,2,2,1,2,2,1,1,1,1,2,2,1,1,1
0833a_num1.png,1,1,2,2,2,2,1,1,1,1,2,2,2,1,1
0606a_num2.png,2,2,2,2,2,2,1,1,1,2,2,3,3,1,1
0038a_num1.png,2,2,2,2,2,2,2,1,1,2,1,2,2,1,1
1129a_num1.png,1,2,2,1,2,2,1,1,1,1,2,3,2,1,2
1028a_num2.png,2,2,2,2,2,2,3,1,1,2,2,3,1,1,2
1187a_num2.png,2,3,2,2,2,1,2,1,1,1,2,2,1,1,2
1541a_num2.png,1,2,2,2,2,1,1,1,1,4,2,3,1,2,2
0098a_num2.png,2,2,1,1,2,2,4,1,1,1,1,3,4,1,1
0214a_num2.png,2,2,3,2,2,1,1,1,1,2,2,2,2,2,2
1186aa_num1.png,2,2,2,2,2,2,2,2,1,1,2,2,2,1,2
0158a_num2.png,2,2,3,2,2,1,1,1,1,2,2,2,1,2,2
0578a_num2.png,1,2,3,3,2,1,1,1,1,2,2,2,2,2,2
0817a_num2.png,1,1,3,3,2,1,1,1,1,1,2,1,1,2,2
0346a_num1.png,2,2,3,2,2,1,4,1,1,2,2,2,1,2,2
1381aa_num2.png,2,1,2,2,2,2,1,1,1,4,2,3,2,1,2
0309a_num2.png,2,3,2,2,1,1,1,1,1,1,2,1,1,1,2
1145a_num1.png,2,1,2,2,2,2,1,1,1,2,2,2,2,2,2
1556a_num1.png,2,2,3,2,2,2,1,1,1,2,2,2,2,2,2
0378a_num2.png,2,2,2,2,2,1,1,1,1,2,2,2,4,1,2
0991a_num1.png,1,2,2,2,2,1,1,1,1,4,2,2,4,2,2
1292a_num1.png,2,2,2,1,2,2,1,1,1,2,2,2,4,1,1
1402a_num1.png,2,2,2,1,2,2,1,2,1,2,2,3,2,1,1
1154a_num2.png,2,3,1,1,2,1,1,1,1,2,2,3,2,1,1
0931a_num1.png,1,2,2,2,2,1,1,1,1,2,2,2,2,2,2
0516a_num1.png,2,2,2,2,2,2,2,1,1,2,2,3,3,2,2
0902a_num2.png,1,2,2,2,2,1,1,1,1,2,1,3,2,1,1
0656a_num1.png,1,2,3,3,2,1,1,1,1,2,2,2,1,2,2
1424a_num1.png,2,2,1,1,2,2,2,1,1,2,2,3,3,1,2
1358a_num1.png,2,2,2,1,2,2,2,1,1,2,2,3,3,1,1
1283a_num2.png,2,2,1,1,2,2,4,1,1,1,2,3,1,1,1
0742a_num2.png,2,3,1,1,2,2,2,1,1,1,2,3,2,1,1
1560a_num1.png,2,2,3,3,2,1,1,1,1,2,2,2,1,2,2
0320a_num1.png,2,2,2,2,2,1,1,1,1,2,2,2,4,2,2
0128a_num3.png,2,2,1,1,2,2,2,1,1,2,2,2,3,1,2
1484a_num2.png,1,3,3,3,2,1,1,1,1,4,2,2,1,2,2
0491a_num1.png,2,2,2,2,2,2,1,1,1,2,2,3,4,1,1
1339a_num1.png,1,3,3,3,1,1,1,1,1,1,2,1,1,2,2
0657a_num1.png,1,1,3,3,2,2,1,1,1,2,2,2,2,2,2
1000a_num2.png,2,3,3,2,2,1,1,1,1,4,2,1,1,2,2
0141a_num2.png,1,2,2,2,2,2,2,1,1,2,2,2,2,2,2
0612a_num1.png,2,3,1,1,2,2,3,2,1,2,2,3,3,1,2
1145a_num2.png,2,2,2,2,2,2,1,1,1,2,2,2,4,2,2
0764a_num2.png,2,2,1,1,2,2,2,1,1,2,2,3,4,1,2
0752a_num2.png,1,1,3,3,2,2,1,1,1,2,2,2,1,2,2
0152a_num2.png,1,2,2,2,2,2,1,1,1,2,2,2,4,2,2
0725a_num1.png,1,2,2,2,2,1,1,1,1,1,2,2,1,1,2
0327a_num2.png,2,2,2,1,2,2,1,1,1,1,1,3,2,1,1
0117a_num2.png,2,2,3,3,2,1,1,1,1,2,2,2,1,1,2
0841a_num1.png,2,3,2,2,2,2,1,1,1,2,1,2,4,1,1
0226a_num3.png,1,3,2,2,2,1,1,1,1,1,2,2,1,2,2
0669a_num1.png,1,2,2,2,2,2,2,1,1,2,2,3,4,1,2
0454a_num1.png,2,2,3,2,2,2,1,1,1,1,2,3,2,1,1
0091a_num2.png,1,2,3,3,2,2,1,1,1,2,2,3,1,1,2
0622a_num2.png,2,2,3,3,2,1,1,1,1,2,2,2,1,2,2
1194a_num1.png,1,2,3,3,2,2,2,1,1,2,2,2,2,2,2
1013a_num2.png,1,1,3,3,2,2,1,1,1,2,2,2,2,2,2
0617a_num1.png,2,2,1,1,2,2,3,1,2,2,2,3,3,1,2
0977aa_num1.png,2,3,1,1,2,2,3,1,1,2,1,3,4,1,1
1134a_num2.png,2,2,2,2,2,2,2,1,1,2,2,3,4,1,2
1016aa_num2.png,2,1,3,3,2,1,1,1,1,2,2,2,1,2,2
0836a_num1.png,1,1,3,3,2,2,1,1,2,2,2,2,2,2,2
1257a_num1.png,2,2,2,2,2,2,1,1,1,2,2,3,2,2,2
0836a_num2.png,1,2,3,3,2,2,1,1,1,2,2,2,2,2,2
0798a_num2.png,2,2,1,1,2,2,3,1,1,2,2,3,4,1,2
0601a_num2.png,2,3,1,1,2,2,2,2,1,2,2,2,4,1,1
0932a_num1.png,1,1,3,3,2,2,2,1,1,2,2,2,2,2,2
1111a_num1.png,1,2,2,2,2,1,1,1,1,2,2,2,1,2,2
0401a_num1.png,2,2,2,1,2,2,2,1,1,2,1,3,2,1,1
0949a_num1.png,2,3,1,1,2,2,1,1,1,1,1,3,1,1,1
0815a_num2.png,2,2,2,2,2,2,2,1,1,2,2,2,2,1,2
0507a_num1.png,2,2,2,2,2,2,2,1,2,2,2,2,3,1,2
1112a_num2.png,2,1,3,2,2,2,1,1,1,2,2,2,2,2,2
0899a_num1.png,1,2,2,2,2,2,2,1,1,2,2,2,4,1,2
1393a_num1.png,1,2,1,1,2,2,2,1,1,2,1,2,4,1,1
0519a_num1.png,2,1,1,1,2,2,3,1,1,2,1,2,2,1,1
1209a_num2.png,2,2,2,1,2,2,2,2,1,2,2,3,2,1,1
1357a_num1.png,1,2,2,2,2,2,1,1,1,2,2,2,4,2,2
0707a_num2.png,2,2,1,1,2,2,3,1,1,1,1,3,2,1,1
0489a_num1.png,1,2,2,1,2,2,2,1,1,2,2,3,4,1,1
1187a_num1.png,2,2,2,2,2,1,2,1,1,1,2,2,1,2,2
1045a_num1.png,2,1,3,3,2,1,1,1,1,1,2,2,1,1,1
1493a_num2.png,2,2,2,2,2,2,1,1,1,2,2,3,4,2,2
1008a_num2.png,1,3,2,2,2,1,1,1,1,4,2,2,2,2,2
1299a_num2.png,2,2,2,2,2,1,2,1,1,2,2,3,2,2,2
1435a_num1.png,2,2,2,2,2,1,1,1,1,2,2,3,4,2,2
0584a_num2.png,1,2,2,2,2,2,1,1,1,2,2,3,2,1,2
0271a_num2.png,2,3,1,1,2,2,3,1,1,2,2,2,4,1,1
0972a_num1.png,1,2,2,2,2,2,1,1,1,2,2,3,2,1,2
0598a_num2.png,2,3,2,2,1,1,2,1,1,1,2,1,1,1,1
0840a_num1.png,2,2,2,2,2,2,2,1,1,2,2,2,2,2,2
0753aa_num1.png,1,2,3,3,2,1,1,1,1,2,2,2,2,2,2
1050a_num1.png,2,2,3,3,2,2,1,1,1,2,2,2,1,2,2
0669a_num2.png,2,2,2,2,2,2,2,1,1,2,2,3,2,1,2
0177a_num2.png,2,3,2,2,2,1,1,1,1,4,2,1,1,2,2
1294a_num1.png,1,2,2,2,2,2,3,1,1,2,2,2,3,1,2
0855a_num2.png,1,2,2,1,2,2,2,1,1,2,2,3,4,1,2
1152a_num1.png,2,2,2,1,2,2,1,1,1,2,2,3,2,1,1
1343a_num1.png,1,2,3,3,2,2,1,1,1,2,2,3,2,1,2
0427a_num1.png,2,2,2,2,2,2,1,1,1,1,2,1,2,1,2
0808a_num2.png,1,2,1,1,2,2,1,1,1,2,1,3,2,1,1
1427a_num2.png,2,2,2,2,2,1,2,1,1,2,2,2,2,2,2
1243aa_num1.png,2,3,2,2,2,2,1,1,1,2,1,3,1,1,1
0437a_num1.png,1,1,3,3,2,2,2,1,1,2,2,2,2,1,2
0491a_num2.png,2,2,2,2,2,2,2,1,1,2,2,3,3,2,2
0585aa_num1.png,2,2,2,2,2,2,1,1,1,2,2,3,1,1,2
1279a_num1.png,2,2,2,2,2,2,4,2,1,1,1,2,1,1,1
1326a_num2.png,1,3,3,3,2,1,1,1,1,2,2,2,1,2,1
0742a_num1.png,1,3,1,1,2,2,1,1,1,1,1,3,2,1,1
0050a_num1.png,2,2,2,2,2,2,1,1,1,2,1,3,2,1,1
1465a_num2.png,2,3,1,1,2,2,2,1,1,2,2,3,4,1,2
1235a_num1.png,1,1,2,2,2,2,1,1,1,2,2,3,2,2,2
0002a_num2.png,2,3,2,2,2,1,1,1,1,2,2,2,1,1,2
0940a_num1.png,1,2,2,2,2,1,2,1,1,2,2,2,2,2,2
0979a_num1.png,1,2,3,3,2,1,1,1,1,2,2,2,2,2,2
0148a_num2.png,2,2,2,2,2,2,1,1,1,2,1,3,2,1,1
0697a_num1.png,2,2,1,1,2,2,3,2,2,2,2,3,3,1,2
0827a_num1.png,1,2,1,1,2,2,4,1,1,2,2,3,2,1,2
1526a_num1.png,2,2,3,3,2,1,1,1,1,2,2,2,1,2,2
1326a_num1.png,2,1,3,3,2,2,1,1,1,2,2,3,1,1,1
1203a_num1.png,1,3,3,3,2,1,1,2,1,4,2,2,1,1,1
0194a_num1.png,2,1,3,2,2,1,1,1,1,2,2,2,2,2,2
0472a_num1.png,2,2,2,2,2,2,1,1,1,2,2,3,4,2,2
0907a_num1.png,1,3,3,3,2,1,1,1,1,2,2,2,1,2,2
0047a_num2.png,2,2,2,1,2,2,1,1,1,2,2,2,2,1,2
0646a_num1.png,2,3,1,1,2,2,1,1,1,1,1,3,2,1,1
0172aa_num2.png,1,1,2,2,2,1,1,2,1,1,2,1,1,1,1
0178a_num2.png,1,2,3,3,2,1,1,1,1,2,2,2,2,2,2
0596a_num1.png,1,1,2,2,2,2,1,2,1,2,2,3,4,1,1
0687a_num1.png,2,3,2,2,2,1,1,2,1,4,2,1,1,1,2
0376a_num1.png,2,2,2,2,2,1,2,2,1,2,2,2,4,2,2
0496a_num1.png,2,2,1,1,2,2,3,1,2,2,2,3,4,1,2
1433a_num2.png,2,3,1,1,2,2,3,2,1,1,2,3,4,1,1
0157a_num2.png,2,2,2,2,2,1,1,1,1,2,2,2,2,2,2
1517a_num2.png,2,2,2,1,2,2,3,1,1,2,2,3,2,1,2
1170a_num2.png,1,3,1,1,2,2,1,1,1,1,1,2,4,1,1
0232a_num1.png,1,1,2,3,2,2,3,1,1,2,2,3,2,1,2
0705aa_num1.png,1,2,2,2,2,2,1,1,1,2,2,2,3,1,2
0999aa_num1.png,2,2,2,2,2,1,1,1,1,4,2,2,2,2,2
1097a_num2.png,2,2,2,2,2,2,1,1,1,1,1,3,2,1,1
1158a_num1.png,2,2,3,2,2,1,1,1,1,2,2,3,2,1,1
0972a_num2.png,2,2,2,2,2,2,1,1,1,2,2,2,4,2,2
0762aa_num2.png,2,2,2,2,2,2,2,1,1,2,2,2,2,2,2
0896a_num1.png,1,2,2,1,2,2,2,1,1,2,2,3,2,1,2
0711a_num2.png,2,2,1,1,2,2,2,2,1,2,2,3,3,1,2
0625aa_num1.png,1,2,1,1,2,2,2,1,1,2,2,2,3,1,2
0998a_num2.png,2,2,2,2,2,1,1,1,1,2,2,2,2,2,2
0149a_num2.png,2,3,2,2,2,1,1,1,1,2,2,2,1,2,2
1228a_num2.png,1,2,3,2,2,1,1,1,1,2,2,2,1,2,2
0808a_num1.png,1,2,3,3,2,2,1,2,1,2,1,3,2,1,1
0021a_num2.png,2,2,3,3,2,2,1,1,1,2,2,3,2,2,2
0465a_num1.png,2,2,2,2,2,2,1,1,1,2,2,2,2,2,2
0999a_num1.png,2,2,2,2,2,1,1,1,1,2,2,2,1,2,2
1230a_num1.png,2,2,2,2,2,2,3,1,1,2,2,2,3,2,2
1012a_num1.png,2,2,2,2,2,1,2,1,1,1,2,2,1,1,1
0779a_num2.png,2,2,2,2,2,1,1,1,1,2,2,2,1,2,2
0071aa_num1.png,2,1,1,1,2,2,3,1,1,2,2,2,2,1,1
0776a_num1.png,1,1,3,3,2,1,1,1,1,1,1,2,1,1,2
1036a_num1.png,2,2,2,2,2,2,1,1,1,2,2,3,3,2,2
0723a_num2.png,1,2,1,1,2,2,2,1,1,2,1,2,4,1,1
0940a_num2.png,1,2,2,2,2,2,2,2,1,2,2,3,2,1,2
1411a_num2.png,2,2,2,2,2,2,2,1,1,2,2,3,2,2,2
1117a_num1.png,2,2,2,2,2,1,4,1,1,2,2,2,1,2,2
0866aa_num2.png,1,2,2,2,2,2,2,1,1,2,2,2,3,2,2
0431a_num2.png,2,3,2,1,2,2,1,1,1,2,2,2,3,2,2
0038a_num2.png,1,3,2,2,2,1,2,1,1,2,2,1,1,1,1
0780a_num1.png,2,1,3,3,2,1,1,1,1,1,2,2,1,2,2
0381a_num2.png,2,3,1,1,2,2,2,1,1,2,2,3,2,1,2
1057aa_num1.png,2,2,2,3,2,2,1,2,1,2,1,2,2,1,1
0562a_num2.png,1,1,2,2,2,2,2,1,1,1,1,3,4,1,1
1318a_num1.png,2,2,2,2,2,2,1,2,1,4,1,2,2,1,1
0701a_num1.png,2,2,2,2,2,2,2,1,1,2,2,2,2,2,2
0794a_num1.png,2,2,2,2,2,2,2,1,1,2,2,2,4,2,2
0527a_num1.png,1,2,1,1,2,2,3,1,1,1,1,2,4,1,1
1495a_num1.png,2,2,3,2,2,2,2,1,1,2,2,2,2,2,2
0764a_num1.png,2,2,1,1,2,2,3,1,1,2,2,3,4,2,2
0961aa_num2.png,2,2,3,3,2,2,2,1,1,2,2,2,3,2,2
1437a_num1.png,2,2,2,2,2,2,1,1,1,2,2,3,4,2,2
0845a_num1.png,1,3,3,3,2,1,1,1,1,2,2,2,2,1,2
0946a_num2.png,2,2,2,1,2,2,2,1,1,2,1,3,2,1,1
1437a_num2.png,2,2,2,2,2,1,1,1,1,2,2,2,4,2,2
0654a_num2.png,1,2,3,3,2,1,2,1,1,2,2,2,1,2,2
0411a_num2.png,1,1,2,1,2,2,3,2,1,2,2,3,2,1,1
0531a_num2.png,1,2,2,2,2,2,2,1,1,2,2,2,2,1,2
0867a_num1.png,1,1,3,3,2,2,2,1,1,2,2,3,2,2,2
0683a_num1.png,1,1,2,2,2,2,2,1,1,2,2,3,3,1,2
0568a_num2.png,1,1,1,1,2,2,1,1,2,2,1,2,2,1,1
1316a_num1.png,2,2,1,1,2,2,3,1,1,2,2,2,4,1,2
0394a_num2.png,2,3,1,1,2,2,2,1,1,1,2,2,1,1,1
0794a_num2.png,2,2,2,2,2,2,2,1,1,2,2,3,3,2,2
1356a_num2.png,2,2,2,1,2,2,3,1,1,2,2,2,2,1,2
0354a_num1.png,2,2,2,2,2,2,2,1,1,2,2,3,2,2,2
0899a_num2.png,1,2,2,2,2,2,2,1,1,2,2,2,4,2,2
1266a_num1.png,1,2,2,2,2,2,1,1,1,1,1,2,2,1,1
0094a_num1.png,2,2,2,2,2,1,1,1,1,2,2,2,2,2,2
0066a_num2.png,2,2,2,2,2,2,4,2,1,2,2,3,1,1,2
1304a_num2.png,2,3,1,2,2,1,2,1,1,1,2,2,1,1,1
0947a_num2.png,1,1,3,3,2,2,1,1,1,2,2,2,2,2,2
1556a_num2.png,2,2,2,2,2,2,2,1,1,2,2,2,2,2,2
0435a_num1.png,2,2,2,2,2,2,1,1,1,1,2,3,2,1,1
0901a_num2.png,1,3,2,2,2,1,1,1,1,4,2,2,1,2,2
0497a_num1.png,1,2,3,3,2,2,1,1,1,2,2,2,1,2,2
1052a_num1.png,2,2,2,2,2,2,2,2,2,2,2,2,2,1,2
0300a_num2.png,2,2,2,2,2,2,2,1,1,2,2,3,3,2,2
1316a_num2.png,2,2,1,1,2,2,3,1,1,2,2,2,4,2,2
0868aa_num1.png,1,2,3,3,2,1,1,1,1,2,2,3,2,2,2
1435aa_num1.png,2,2,2,2,2,2,1,1,1,2,2,2,4,1,2
0622a_num1.png,2,1,3,3,2,2,1,1,1,2,2,2,1,1,2
0699a_num2.png,1,2,2,2,2,1,1,1,1,2,2,2,4,2,2
0678a_num1.png,2,2,2,2,2,1,1,1,1,2,2,2,1,2,2
0923a_num2.png,2,3,1,1,2,2,1,1,1,1,1,3,4,1,1
1141a_num2.png,2,3,2,2,2,1,1,1,1,4,2,2,1,2,2
1417a_num2.png,2,3,2,2,2,2,2,1,1,2,2,2,4,1,2
1323a_num1.png,2,2,1,1,2,2,3,1,1,2,2,3,2,1,2
0376a_num2.png,2,2,2,2,1,1,2,1,1,1,2,1,1,1,2
0502a_num2.png,2,2,2,2,2,2,1,1,1,2,2,2,1,2,2
1247aa_num1.png,1,2,2,2,2,1,1,1,1,2,2,2,1,2,2
1358a_num2.png,2,2,1,1,2,2,2,1,1,2,1,3,3,1,1
1178a_num2.png,2,3,1,1,2,2,1,1,1,1,1,3,2,1,1
0723a_num1.png,1,1,1,1,2,2,2,1,1,2,1,2,4,1,1
0446a_num1.png,1,3,2,2,2,1,2,1,1,4,2,2,1,2,2
0664a_num1.png,1,2,2,2,2,2,2,1,1,2,2,3,2,1,2
0678a_num2.png,2,2,2,2,2,1,1,1,1,2,2,3,1,2,2
0011a_num1.png,2,2,2,2,2,2,1,1,1,2,2,3,2,1,2
1433a_num1.png,2,3,1,1,2,2,2,1,1,2,2,3,4,1,1
0505aa_num1.png,2,2,3,2,2,1,1,1,1,2,2,2,4,2,2
1291a_num2.png,2,2,2,2,2,2,1,1,1,2,2,2,2,1,2
1009a_num2.png,2,2,2,2,2,2,2,2,1,2,2,3,3,2,2
1036a_num2.png,2,2,2,2,2,2,2,1,1,2,2,2,3,2,2
0692aa_num1.png,2,3,2,1,2,2,2,1,1,2,1,2,2,1,1
0872a_num1.png,1,2,3,3,2,2,1,1,1,2,2,2,2,1,2
0828a_num2.png,2,2,2,2,2,1,1,1,1,2,2,2,4,2,2
0197a_num1.png,2,2,2,1,2,2,2,1,1,1,1,2,2,1,1
0293a_num2.png,2,2,2,2,2,2,1,1,1,2,2,3,1,1,2
1179a_num2.png,2,2,2,2,2,1,1,1,1,2,2,3,4,2,2
0053a_num2.png,2,3,2,2,2,1,1,1,1,2,1,3,1,1,1
1271a_num1.png,1,2,3,2,2,1,1,1,1,2,2,2,2,2,2
1342a_num1.png,1,2,3,2,2,1,1,1,1,2,2,2,2,2,2
1170a_num1.png,1,2,2,2,2,1,1,1,1,1,2,2,1,1,1
1042a_num2.png,1,2,2,2,2,2,1,1,1,1,2,3,2,1,1
0110a_num2.png,2,3,2,2,2,1,1,1,1,2,2,2,4,1,2
0346a_num2.png,2,2,2,2,2,1,4,1,1,2,2,2,1,2,2
0979a_num2.png,1,2,3,3,2,1,1,1,1,2,2,2,2,2,2
0371a_num2.png,2,2,1,1,2,2,1,1,1,2,2,3,3,1,1
0640aa_num2.png,2,3,1,1,2,2,1,1,1,2,2,2,4,1,2
0193a_num1.png,2,2,2,1,2,2,1,1,1,2,2,3,3,1,1
0883a_num3.png,1,1,3,2,2,2,1,2,1,2,2,2,2,1,2
0812a_num2.png,2,2,2,2,2,1,2,1,1,2,2,3,2,2,2
0005aa_num1.png,2,2,2,2,2,1,2,1,1,4,2,3,2,2,2
0178a_num1.png,1,2,3,3,2,1,1,1,1,2,2,2,1,2,2
1183a_num1.png,1,3,2,2,2,1,1,1,1,1,2,2,1,1,1
0962a_num2.png,1,2,2,1,2,2,2,1,2,2,2,3,2,1,1
1129a_num2.png,1,2,2,3,2,2,1,1,1,1,2,3,2,1,1
0450a_num1.png,2,2,3,2,2,2,1,1,1,2,2,3,2,2,2
1011a_num2.png,2,2,2,2,2,2,1,1,1,2,2,3,4,2,2
0387a_num1.png,2,2,2,2,2,2,1,1,1,2,2,2,2,1,2
1349a_num2.png,2,2,2,2,2,2,2,1,1,2,2,3,2,1,2
0546a_num1.png,2,3,1,1,2,2,1,1,1,2,1,3,4,1,1
1148a_num2.png,1,2,3,3,2,1,1,1,1,1,2,2,2,2,2
1067a_num1.png,2,2,2,2,2,2,1,1,2,2,2,2,4,2,2
0468a_num1.png,2,2,2,2,2,2,1,1,1,2,2,2,4,1,1
0904aa_num1.png,2,1,2,2,2,1,2,2,1,2,2,2,1,1,2
0072a_num2.png,2,3,1,1,2,2,3,1,1,1,1,3,1,1,1
0383a_num1.png,1,2,2,2,2,2,1,1,1,4,2,2,1,1,1
0510a_num1.png,1,2,2,2,2,2,1,1,1,2,2,3,2,1,2
1517a_num1.png,2,2,1,1,2,2,3,1,1,2,2,3,2,1,2
1270a_num1.png,1,3,3,3,2,1,1,2,1,4,2,2,1,1,2
0640aa_num1.png,2,2,2,2,2,2,1,1,1,2,2,2,2,2,2
1343a_num2.png,1,2,3,3,2,2,1,1,1,2,2,2,2,2,2
1140a_num1.png,2,2,2,2,2,2,1,1,1,2,2,2,2,2,2
1445a_num2.png,2,2,2,2,2,2,2,1,1,2,2,3,4,1,2
0837a_num1.png,2,2,2,2,2,1,1,1,1,2,2,2,1,2,2
1000a_num1.png,1,2,3,2,2,1,2,2,1,2,2,3,2,2,2
0884a_num2.png,1,2,2,2,2,2,3,2,1,2,2,3,2,1,2
1330a_num1.png,1,2,2,2,2,2,2,1,1,2,2,3,2,1,2
1381aa_num1.png,2,2,2,2,2,1,4,1,1,4,2,2,2,1,2
0584a_num1.png,2,2,2,2,2,2,1,1,1,2,2,3,4,2,2
0100a_num2.png,2,3,3,2,2,1,1,1,1,2,2,1,2,2,2
0242a_num2.png,2,2,2,2,2,2,2,1,1,4,2,2,2,2,2
0025a_num1.png,2,3,2,2,2,1,1,1,1,4,2,2,1,1,1
1292a_num2.png,2,2,1,1,2,2,1,1,1,2,2,3,4,1,2
0231a_num1.png,2,2,2,2,2,2,1,1,1,2,2,2,2,1,2
1356a_num1.png,2,1,1,1,2,2,3,1,1,2,2,2,2,1,1
0847a_num2.png,1,2,2,2,2,2,1,1,1,2,2,2,2,2,2
0519a_num2.png,2,2,1,1,2,2,2,1,1,1,2,2,2,1,1
1320a_num1.png,1,2,2,2,2,2,2,2,1,2,2,3,3,2,2
1186a_num1.png,2,2,2,2,2,2,2,1,1,2,2,3,2,1,2
0214a_num1.png,2,2,3,3,2,1,1,1,1,2,2,2,2,2,2
0226a_num2.png,1,3,1,1,2,1,1,1,1,1,2,2,1,1,1
0324a_num1.png,2,2,2,2,2,2,4,1,1,2,2,2,2,2,2
0181a_num1.png,2,1,2,1,2,2,2,1,1,2,2,1,1,1,1
0853a_num2.png,2,1,2,1,2,2,3,1,2,2,2,3,2,1,2
0097a_num1.png,2,3,3,3,2,1,1,1,1,2,2,2,1,2,2
1214a_num1.png,1,3,2,2,2,1,1,1,1,4,2,2,1,2,2
0994a_num2.png,2,1,2,2,2,1,1,1,1,1,2,2,1,1,2
0924a_num2.png,2,3,2,2,2,2,1,1,1,2,1,3,2,1,1
0570a_num2.png,2,2,2,1,2,2,1,1,1,1,1,3,2,1,1
0837a_num2.png,2,2,2,2,2,1,1,1,1,2,2,2,1,2,2
1430a_num1.png,2,2,1,1,2,2,3,1,1,2,2,2,3,1,2
0156a_num1.png,2,2,2,2,2,1,4,1,1,2,2,2,2,2,2
0221a_num1.png,2,2,2,2,2,1,4,1,1,1,2,2,1,1,2
0338a_num2.png,1,2,2,2,2,2,1,1,1,1,2,3,2,1,1
1317a_num1.png,2,3,2,2,2,2,1,1,1,1,2,2,2,1,2
0606a_num1.png,2,2,1,1,2,2,2,1,1,2,2,2,3,1,1
0008a_num2.png,1,3,2,2,2,1,4,1,1,4,2,2,2,2,2
1024a_num1.png,2,3,2,1,2,2,2,1,1,2,2,3,2,1,1
0677aa_num1.png,2,2,2,2,2,1,1,1,1,2,2,2,2,2,2
0961aa_num1.png,2,2,2,2,2,2,2,2,1,2,2,3,3,2,2
0145a_num1.png,2,3,3,3,2,1,1,1,1,2,2,2,2,1,2
0337a_num1.png,2,3,1,1,2,2,3,1,1,2,2,3,2,1,1
0135a_num1.png,2,1,2,2,2,1,1,1,1,2,2,2,1,2,2
1114aa_num1.png,2,2,2,2,2,2,1,1,1,2,2,3,4,1,2
0717aa_num2.png,2,2,2,2,2,2,2,2,1,2,2,3,2,2,2
1231a_num2.png,2,2,2,2,2,2,2,1,2,2,2,3,2,2,2
0907a_num2.png,1,3,3,3,2,1,1,1,1,2,2,2,1,2,2
0137aa_num1.png,2,3,2,1,2,2,1,1,1,1,2,3,1,1,1
0730a_num1.png,2,2,2,2,2,2,2,1,1,2,2,3,2,2,2
1318a_num2.png,1,1,3,3,2,2,1,2,1,2,2,3,2,1,2
0819a_num1.png,1,2,2,2,2,1,1,1,1,2,2,3,2,2,2
0798a_num1.png,2,2,1,1,2,2,3,2,1,2,2,3,2,1,1
0717aa_num1.png,2,2,2,2,2,2,2,1,1,2,2,3,3,2,2
0535a_num1.png,1,2,3,2,2,2,1,1,1,2,2,3,2,1,1
1484a_num1.png,2,2,2,2,2,1,1,1,1,1,2,2,1,1,2
0801a_num2.png,1,2,3,3,1,1,1,1,1,1,2,1,1,2,2
0730a_num2.png,2,2,2,2,2,2,2,2,1,2,2,3,2,2,2
1008a_num1.png,1,2,2,2,2,1,1,1,1,4,2,2,2,2,2
1097a_num1.png,2,3,2,2,2,1,1,1,1,2,2,3,2,2,2
1189a_num1.png,1,2,3,3,2,2,1,1,1,2,2,2,3,1,2
0513a_num2.png,1,2,2,2,2,1,1,1,1,1,2,2,2,2,2
0142a_num1.png,1,2,3,3,2,2,1,1,1,2,2,2,2,2,2
0827a_num2.png,2,3,1,1,2,2,1,1,1,1,1,3,2,1,1
1387a_num2.png,2,2,3,3,2,1,1,1,1,2,2,2,1,2,2
1228a_num1.png,2,3,3,2,2,1,1,1,1,2,2,2,1,1,2
0478a_num1.png,2,3,1,1,2,2,2,2,1,1,2,2,2,1,2
0053a_num1.png,2,2,2,2,2,1,1,1,1,2,2,3,1,1,1
0007a_num2.png,2,1,2,2,2,2,1,1,1,1,1,2,2,1,1
0993a_num1.png,2,2,1,1,2,2,1,1,1,1,1,3,4,1,1
0221a_num2.png,2,3,2,2,2,1,1,1,1,1,2,2,1,1,2
0656a_num2.png,1,3,2,2,2,1,1,1,1,2,2,2,1,2,2
0944a_num1.png,2,3,1,1,2,2,1,1,1,2,2,2,2,1,2
1249a_num2.png,1,2,3,2,2,2,1,1,1,2,2,2,2,2,2
